{"mean":{"confidence_interval":{"confidence_level":0.95,"lower_bound":0.004820867737163575,"upper_bound":0.005925937912268369},"point_estimate":0.005371032362051276,"standard_error":0.0002888316824697924},"median":{"confidence_interval":{"confidence_level":0.95,"lower_bound":0.0042079695292016606,"upper_bound":0.005295645711888584},"point_estimate":0.004645676808101351,"standard_error":0.0002961416833005414}}