{"mean":{"confidence_interval":{"confidence_level":0.95,"lower_bound":-0.00009698118657157622,"upper_bound":0.0009010223008224456},"point_estimate":0.0004006510605167879,"standard_error":0.00025702943326925504},"median":{"confidence_interval":{"confidence_level":0.95,"lower_bound":0.0009230770940870327,"upper_bound":0.0014981251337113921},"point_estimate":0.0012711178485069752,"standard_error":0.00015173291497793835}}