{"mean":{"confidence_interval":{"confidence_level":0.95,"lower_bound":0.005469154539369558,"upper_bound":0.006709886362195083},"point_estimate":0.0060933565036758175,"standard_error":0.0003127759835798701},"median":{"confidence_interval":{"confidence_level":0.95,"lower_bound":0.006347534277309608,"upper_bound":0.007232316946483508},"point_estimate":0.006883308999517057,"standard_error":0.00022469295701755174}}