{"mean":{"confidence_interval":{"confidence_level":0.95,"lower_bound":0.0007243033016035572,"upper_bound":0.002241618209132523},"point_estimate":0.001521557575610899,"standard_error":0.0003865916378884059},"median":{"confidence_interval":{"confidence_level":0.95,"lower_bound":0.0006633689868658088,"upper_bound":0.001465197608183732},"point_estimate":0.00110971426181794,"standard_error":0.00020808154705212543}}