{"mean":{"confidence_interval":{"confidence_level":0.95,"lower_bound":0.0007323674935856783,"upper_bound":0.002033911658640425},"point_estimate":0.0013475017285979884,"standard_error":0.00033205791982818836},"median":{"confidence_interval":{"confidence_level":0.95,"lower_bound":0.0008510746301217953,"upper_bound":0.0018975895445032531},"point_estimate":0.0013568608157721318,"standard_error":0.00029276832250526213}}